업소명,주소,CATE,분류
VIPS프리미어등촌점,서울 강서구 공항대로 311-0,맛집,전문음식
가막골흑염소,서울 강서구 화곡로56길 37-11,맛집,한식
갈비생각발산점,서울 강서구 강서로54길 42-0,맛집,한식
강남면옥마곡점,서울 강서구 마곡동로 55-0,맛집,한식
개화산장,서울 강서구 개화동로19길 6-53,맛집,외국식
거궁마곡점,서울 강서구 공항대로 236-0,맛집,한식
고성막국수,서울 강서구 방화대로49길 6-7,맛집,한식
고양이정원,서울 강서구 개화동로19길 18-0,맛집,카페/찻집
공항칼국수,서울 강서구 공항대로 18-1,맛집,한식
광주똑순이아구찜,서울 강서구 강서로 375-8,맛집,한식
금고깃집마곡본점,서울 강서구 마곡동로 61-0,맛집,한식
금고깃집발산직영점,서울 강서구 마곡중앙8로 90-0,맛집,한식
금고깃집하늘직영점,서울 강서구 마곡중앙4로 10-0,맛집,한식
김가네설렁탕,서울 강서구 방화동로 52-0,맛집,한식
꾸이꾸이돼지촌쭈꾸미본점,서울 강서구 초원로 77-0,맛집,한식
능라도마곡점,서울 강서구 마곡동로 56-0,맛집,한식
닥터로빈강서점,서울 강서구 공항대로 396-0,맛집,외국식
대가원마곡점,서울 강서구 공항대로 209-0,맛집,한식
더메이드뷔페,서울 강서구 마곡중앙6로 21-0,맛집,외국식
도일처[중식],서울 강서구 개화동로 567-0,맛집,외국식
도쿄하나등촌점,서울 강서구 공항대로 367-0,맛집,외국식
등촌샤브칼국수등촌점,서울 강서구 강서로56가길 65-0,맛집,외국식
등촌최월선칼국수,서울 강서구 화곡로64길 68-0,맛집,한식
땡순이아구찜마곡본점,서울 강서구 마곡중앙로 161-22,맛집,한식
뚜스뚜스등촌점,서울 강서구 공항대로45길 92-0,맛집,카페/찻집
마곡오리,서울 강서구 양천로30길 11-0,맛집,한식
마곡테이블,서울 강서구 마곡중앙6로 63-0,맛집,외국식
마부자생삼겹살,서울 강서구 마곡중앙5로 6-0,맛집,한식
마실발산점,서울 강서구 공항대로 290-0,맛집,한식
맛찬들왕소금구이발산역점,서울 강서구 강서로 375-7,맛집,한식
망향비빔국수강서점,서울 강서구 양천로 720-0,맛집,한식
목동분식,서울 강서구 강서로45라길 36-0,맛집,간이음식
미도인마곡,서울 강서구 마곡동로3길 6-0,맛집,외국식
바스버거마곡점,서울 강서구 마곡동로 62-0,맛집,간이음식
발산삼계탕,서울 강서구 강서로 344-0,맛집,한식
방화동교동짬뽕,서울 강서구 금낭화로24나길 21-0,맛집,외국식
백소정마곡역점,서울 강서구 마곡중앙4로 22-0,맛집,외국식
백제원등촌점,서울 강서구 공항대로 367-0,맛집,한식
버거킹마곡점,서울 강서구 마곡동로 56-0,맛집,간이음식
베이징화곡본점,서울 강서구 화곡로 118-0,맛집,외국식
봄담아,서울 강서구 마곡중앙로 59-17,맛집,한식
봉래헌메이필드호텔,서울 강서구 방화대로 94-0,맛집,한식
봉이밥,서울 강서구 마곡중앙로 171-0,맛집,한식
빵쌤마곡점,서울 강서구 마곡중앙로 59-5,맛집,간이음식
사모님짬뽕,서울 강서구 금낭화로18길 10-0,맛집,외국식
상무초밥등촌점,서울 강서구 공항대로 525-0,맛집,외국식
서가앤쿡서울마곡점,서울 강서구 마곡동로 55-0,맛집,외국식
소담촌마곡점,서울 강서구 마곡중앙6로 93-0,맛집,외국식
신선설농탕화곡역점,서울 강서구 화곡로 148-0,맛집,한식
아웃백스테이크하우스공항점,서울 강서구 마곡중앙6로 16-0,맛집,외국식
양촌리화곡동점,서울 강서구 화곡로 109-0,맛집,한식
양평신내서울해장국강서양천직영점,서울 강서구 국회대로7길 213-0,맛집,한식
어나더사이드,서울 강서구 강서로 318-0,맛집,카페/찻집
영양족발순대국,서울 강서구 초록마을로2길 48-0,맛집,외국식
오복순대국등촌직영점,서울 강서구 공항대로45길 5-0,맛집,한식
오봉집,서울 강서구 마곡동로4길 15-0,맛집,한식
옥소반마곡본점,서울 강서구 마곡중앙6로 45-0,맛집,외국식
원조경아식당본점,서울 강서구 마곡중앙6로 85-0,맛집,외국식
원조나주곰탕,서울 강서구 양천로14길 10-0,맛집,한식
유림강서본점,서울 강서구 공항대로71길 5-0,맛집,외국식
이조면옥,서울 강서구 양천로 353-0,맛집,한식
이춘복참치발산역점,서울 강서구 공항대로 287-0,맛집,외국식
전주감자탕뼈해장국,서울 강서구 강서로5길 10-0,맛집,한식
제주은희네해장국강서마곡점,서울 강서구 마곡중앙6로 16-0,맛집,한식
조선갈비,서울 강서구 공항대로 341-0,맛집,한식
조연탄,서울 강서구 곰달래로60길 29-0,맛집,한식
지디파크,서울 강서구 양천로27길 167-0,맛집,카페/찻집
창고43마곡점,서울 강서구 공항대로 236-0,맛집,한식
청산별곡발산점 [한식],서울 강서구 공항대로 290-0,맛집,한식
칼스토랑,서울 강서구 방화대로6라길 2-0,맛집,한식
쿠우쿠우발산점,서울 강서구 마곡중앙6로 93-0,맛집,외국식
키누카누,서울 강서구 공항대로 247-0,맛집,외국식
푸주옥,서울 강서구 까치산로 183-0,맛집,한식
프레베리,서울 강서구 마곡동로4길 23-0,맛집,간이음식
헤이더그린,서울 강서구 대장로 58-0,맛집,카페/찻집
홍성원마곡점 [중식],서울 강서구 공항대로 206-0,맛집,외국식
훈장골발산점,서울 강서구 공항대로36길 9-0,맛집,한식
